{"cameraMode":{"drawMode":0,"name":"Shaded","section":"Shading Mode"},"sceneLighting":true,"audioPlay":false,"sceneViewState":{"m_AlwaysRefresh":false,"showFog":true,"showSkybox":true,"showFlares":true,"showImageEffects":true,"showParticleSystems":true,"showVisualEffectGraphs":true,"m_FxEnabled":true},"in2DMode":false,"pivot":{"x":1.3402632474899293,"y":0.45640939474105837,"z":5.812444686889648},"rotation":{"x":-0.15810076892375947,"y":0.27363061904907229,"z":-0.045649077743291858,"w":-0.9476622343063355},"size":14.066437721252442,"orthographic":false}