{"cameraMode":{"drawMode":0,"name":"Shaded","section":"Shading Mode"},"sceneLighting":true,"audioPlay":false,"sceneViewState":{"m_AlwaysRefresh":false,"showFog":true,"showSkybox":true,"showFlares":true,"showImageEffects":true,"showParticleSystems":true,"showVisualEffectGraphs":true,"m_FxEnabled":true},"in2DMode":false,"pivot":{"x":0.17601042985916139,"y":2.5451865196228029,"z":1.4193459749221802},"rotation":{"x":0.08299478888511658,"y":-0.6362776756286621,"z":0.06927042454481125,"w":0.7639162540435791},"size":2.0660252571105959,"orthographic":false}