{"cameraMode":{"drawMode":0,"name":"Shaded","section":"Shading Mode"},"sceneLighting":true,"audioPlay":false,"sceneViewState":{"m_AlwaysRefresh":false,"showFog":true,"showSkybox":true,"showFlares":true,"showImageEffects":true,"showParticleSystems":true,"showVisualEffectGraphs":true,"m_FxEnabled":true},"in2DMode":false,"pivot":{"x":276.0640563964844,"y":981.5474853515625,"z":-11.632489204406739},"rotation":{"x":-0.10953732579946518,"y":-0.030711861327290536,"z":0.003386867931112647,"w":-0.9935099482536316},"size":537.9935913085938,"orthographic":false}